month,lives_count,total_likes,avg_likes,total_duration_min
2025-06,16,416895,26055.9375,1659.0
2025-07,39,1157381,29676.4358974359,3910.0
2025-08,27,824007,30518.777777777777,2693.0
2025-09,6,210172,35028.666666666664,518.0
